sleepresult: 1,  2017-07-03 12:02:43, 0.03, N/A, 0., 0.,, sleepStage:  
sleepresult: 2,  2017-07-03 12:02:43, 0.93, 66.9, 0., 0.,, sleepStage:  
sleepresult: 3,  2017-07-03 12:02:43, 1.82, 67.6, 0., 0.,, sleepStage:  
sleepresult: 4,  2017-07-03 12:02:43, 2.72, 66.3, 0., 0.,, sleepStage:  
sleepresult: 5,  2017-07-03 12:02:43, 3.63, 65.7, 0., 0.,, sleepStage:  
sleepresult: 6,  2017-07-03 12:02:43, 4.54, 66.4, 0., 0.,, sleepStage:  
sleepresult: 7,  2017-07-03 12:02:43, 5.43, 67.2, 0., 0.,, sleepStage:  
sleepresult: 8,  2017-07-03 12:02:43, 6.31, 67.9, 0., 0.,, sleepStage:  
sleepresult: 9,  2017-07-03 12:02:43, 7.22, 66.1, 0., 0.,, sleepStage:  
sleepresult: 10,  2017-07-03 12:02:43, 8.1, 67.8, 0., 0.,, sleepStage:  
sleepresult: 11,  2017-07-03 12:02:43, 8.96, 69.7, 0., 0.,, sleepStage:  
sleepresult: 12,  2017-07-03 12:02:43, 9.83, 69.3, 0., 0.,, sleepStage:  
sleepresult: 13,  2017-07-03 12:02:43, 10.68, 70.5, 0., 0.,, sleepStage:  
sleepresult: 14,  2017-07-03 12:02:44, 11.54, 69.1, 0., 0.,, sleepStage:  
sleepresult: 15,  2017-07-03 12:02:44, 12.46, 66., 0., 0.,, sleepStage:  
sleepresult: 16,  2017-07-03 12:02:44, 13.4, 63.1, 0., 0.,, sleepStage:  
sleepresult: 17,  2017-07-03 12:02:44, 14.38, 61.2, 0., 0.,, sleepStage:  
sleepresult: 18,  2017-07-03 12:02:44, 15.35, 61.9, 0., 0.,, sleepStage:  
sleepresult: 19,  2017-07-03 12:02:44, 16.31, 62.7, 0., 0.,, sleepStage:  
sleepresult: 20,  2017-07-03 12:02:44, 17.3, 60.8, 0., 0.,, sleepStage:  
sleepresult: 21,  2017-07-03 12:02:44, 18.29, 60.2, 0., 0.,, sleepStage:  
sleepresult: 22,  2017-07-03 12:02:44, 19.27, 61.1, 0., 0.,, sleepStage:  
sleepresult: 23,  2017-07-03 12:02:44, 20.23, 62.5, 0., 0.,, sleepStage:  
sleepresult: 24,  2017-07-03 12:02:44, 21.15, 64.9, 0., 0.,, sleepStage:  
sleepresult: 25,  2017-07-03 12:02:44, 22.09, 64., 0., 0.,, sleepStage:  
sleepresult: 26,  2017-07-03 12:02:44, 23.03, 63.8, 0., 0.,, sleepStage:  
sleepresult: 27,  2017-07-03 12:02:44, 23.98, 63.3, 0., 0.,, sleepStage:  
sleepresult: 28,  2017-07-03 12:02:44, 24.92, 63.5, 0., 0.,, sleepStage:  
sleepresult: 29,  2017-07-03 12:02:44, 25.83, 66.4, 0., 0.,, sleepStage:  
sleepresult: 30,  2017-07-03 12:02:44, 26.72, 67.5, 0., 0.,, sleepStage:  
sleepresult: 31,  2017-07-03 12:02:44, 27.61, 66.8, 0., 0.,, sleepStage:  
sleepresult: 32,  2017-07-03 12:02:44, 28.52, 65.8, 0., 0.,, sleepStage:  
sleepresult: 33,  2017-07-03 12:02:44, 29.43, 66.1, 0., 0.,, sleepStage:  
sleepresult: 34,  2017-07-03 12:02:44, 30.3, 68.8, 0., 0.,, sleepStage:  
sleepresult: 35,  2017-07-03 12:02:44, 31.14, 71.9, 0., 0.,, sleepStage:  
sleepresult: 36,  2017-07-03 12:02:44, 31.96, 72.5, 0., 0.,, sleepStage:  
sleepresult: 37,  2017-07-03 12:02:44, 32.8, 71.8, 0., 0.,, sleepStage:  
sleepresult: 38,  2017-07-03 12:02:44, 33.66, 69.5, 0., 0.,, sleepStage:  
sleepresult: 39,  2017-07-03 12:02:44, 34.56, 66.5, 0., 0.,, sleepStage:  
sleepresult: 40,  2017-07-03 12:02:44, 35.48, 65.1, 0., 0.,, sleepStage:  
sleepresult: 41,  2017-07-03 12:02:44, 36.41, 64.9, 0., 0.,, sleepStage:  
sleepresult: 42,  2017-07-03 12:02:44, 37.4, 60.7, 0., 0.,, sleepStage:  
sleepresult: 43,  2017-07-03 12:02:44, 38.41, 59., 0., 0.,, sleepStage:  
sleepresult: 44,  2017-07-03 12:02:44, 39.42, 59.7, 0., 0.,, sleepStage:  
sleepresult: 45,  2017-07-03 12:02:44, 40.41, 60.1, 0., 0.,, sleepStage:  
sleepresult: 46,  2017-07-03 12:02:44, 41.36, 63., 0., 0.,, sleepStage:  
sleepresult: 47,  2017-07-03 12:02:44, 42.3, 64.4, 0., 0.,, sleepStage:  
sleepresult: 48,  2017-07-03 12:02:44, 43.22, 64.9, 0., 0.,, sleepStage:  
sleepresult: 49,  2017-07-03 12:02:44, 44.14, 65.2, 0., 0.,, sleepStage:  
sleepresult: 50,  2017-07-03 12:02:44, 45.06, 65.2, 0., 0.,, sleepStage:  
sleepresult: 51,  2017-07-03 12:02:44, 45.95, 67.4, 0., 0.,, sleepStage:  
sleepresult: 52,  2017-07-03 12:02:44, 46.83, 68.3, 0., 0.,, sleepStage:  
sleepresult: 53,  2017-07-03 12:02:44, 47.72, 67.2, 0., 0.,, sleepStage:  
sleepresult: 54,  2017-07-03 12:02:44, 48.65, 64.6, 0., 0.,, sleepStage:  
sleepresult: 55,  2017-07-03 12:02:44, 49.61, 62., 0., 0.,, sleepStage:  
sleepresult: 56,  2017-07-03 12:02:44, 50.58, 62.2, 0., 0.,, sleepStage:  
sleepresult: 57,  2017-07-03 12:02:44, 51.48, 66.6, 0., 0.,, sleepStage:  
sleepresult: 58,  2017-07-03 12:02:44, 52.36, 68.2, 0., 0.,, sleepStage:  
sleepresult: 59,  2017-07-03 12:02:44, 53.21, 70.1, 0., 0.,, sleepStage:  
sleepresult: 60,  2017-07-03 12:02:44, 54.07, 70.1, 0., 0.,, sleepStage:  
sleepresult: 61,  2017-07-03 12:02:44, 54.93, 69.5, 0., 0.,, sleepStage:  
sleepresult: 62,  2017-07-03 12:02:44, 55.81, 68.4, 0., 0.,, sleepStage:  
sleepresult: 63,  2017-07-03 12:02:44, 56.7, 67.5, 0., 0.,, sleepStage:  
sleepresult: 64,  2017-07-03 12:02:44, 57.64, 63.3, 0., 0.,, sleepStage:  
sleepresult: 65,  2017-07-03 12:02:44, 58.64, 59.9, 0., 0.,, sleepStage:  
sleepresult: 66,  2017-07-03 12:02:44, 59.64, 60.4, 0., 0.,, sleepStage:  
sleepresult: 67,  2017-07-03 12:02:44, 60.62, 60.7, 0., 0.,, sleepStage:  
sleepresult: 68,  2017-07-03 12:02:44, 61.59, 61.9, 0., 0.,, sleepStage:  
sleepresult: 69,  2017-07-03 12:02:44, 62.53, 64.1, 0., 0.,, sleepStage:  
sleepresult: 70,  2017-07-03 12:02:44, 63.49, 62.5, 0., 0.,, sleepStage:  
sleepresult: 71,  2017-07-03 12:02:44, 64.44, 62.6, 0., 0.,, sleepStage:  
sleepresult: 72,  2017-07-03 12:02:44, 65.4, 63.1, 0., 0.,, sleepStage:  
sleepresult: 73,  2017-07-03 12:02:44, 66.32, 64.9, 0., 0.,, sleepStage:  
sleepresult: 74,  2017-07-03 12:02:44, 67.23, 65.9, 0., 0.,, sleepStage:  
sleepresult: 75,  2017-07-03 12:02:44, 68.14, 65.8, 0., 0.,, sleepStage:  
sleepresult: 76,  2017-07-03 12:02:44, 69.05, 65.9, 0., 0.,, sleepStage:  
sleepresult: 77,  2017-07-03 12:02:44, 69.97, 65., 0., 0.,, sleepStage:  
sleepresult: 78,  2017-07-03 12:02:44, 70.9, 64.8, 0., 0.,, sleepStage:  
sleepresult: 79,  2017-07-03 12:02:44, 71.78, 68.4, 0., 0.,, sleepStage:  
sleepresult: 80,  2017-07-03 12:02:44, 72.62, 70.7, 0., 0.,, sleepStage:  
sleepresult: 81,  2017-07-03 12:02:44, 73.46, 71.5, 0., 0.,, sleepStage:  
sleepresult: 82,  2017-07-03 12:02:46, 74.29, 72.5, 0., 0.,, sleepStage:  
sleepresult: 83,  2017-07-03 12:02:46, 75.14, 70.7, 0., 0.,, sleepStage:  
sleepresult: 84,  2017-07-03 12:02:46, 76.01, 68.4, 0., 0.,, sleepStage:  
sleepresult: 85,  2017-07-03 12:02:46, 76.91, 67., 0., 0.,, sleepStage:  
sleepresult: 86,  2017-07-03 12:02:46, 77.81, 66.7, 0., 0.,, sleepStage:  
sleepresult: 87,  2017-07-03 12:02:46, 78.75, 63.5, 0., 0.,, sleepStage:  
sleepresult: 88,  2017-07-03 12:02:46, 79.72, 61.6, 0., 0.,, sleepStage:  
sleepresult: 89,  2017-07-03 12:02:46, 80.7, 61.5, 0., 0.,, sleepStage:  
sleepresult: 90,  2017-07-03 12:02:46, 81.66, 62.7, 0., 0.,, sleepStage:  
sleepresult: 91,  2017-07-03 12:02:46, 82.6, 63.4, 0., 0.,, sleepStage:  
sleepresult: 92,  2017-07-03 12:02:46, 83.58, 61.4, 0., 0.,, sleepStage:  
sleepresult: 93,  2017-07-03 12:02:46, 84.56, 61.1, 0., 0.,, sleepStage:  
sleepresult: 94,  2017-07-03 12:02:46, 85.54, 61.4, 0., 0.,, sleepStage:  
sleepresult: 95,  2017-07-03 12:02:46, 86.47, 64.4, 0., 0.,, sleepStage:  
sleepresult: 96,  2017-07-03 12:02:46, 87.36, 66.6, 0., 0.,, sleepStage:  
sleepresult: 97,  2017-07-03 12:02:46, 88.27, 66.3, 0., 0.,, sleepStage:  
sleepresult: 98,  2017-07-03 12:02:46, 89.19, 65.1, 0., 0.,, sleepStage:  
sleepresult: 99,  2017-07-03 12:02:46, 90.12, 65., 0., 0.,, sleepStage:  
sleepresult: 100,  2017-07-03 12:02:46, 91.02, 66.3, 0., 0.,, sleepStage:  
sleepresult: 101,  2017-07-03 12:02:46, 91.86, 70.8, 0., 0.,, sleepStage:  
sleepresult: 102,  2017-07-03 12:02:46, 92.71, 71.1, 0., 0.,, sleepStage:  
sleepresult: 103,  2017-07-03 12:02:46, 93.56, 70.6, 0., 0.,, sleepStage:  
sleepresult: 104,  2017-07-03 12:02:46, 94.44, 68.4, 0., 0.,, sleepStage:  
sleepresult: 105,  2017-07-03 12:02:46, 95.36, 65.2, 0., 0.,, sleepStage:  
sleepresult: 106,  2017-07-03 12:02:46, 96.3, 63.6, 0., 0.,, sleepStage:  
sleepresult: 107,  2017-07-03 12:02:46, 97.29, 60.5, 0., 0.,, sleepStage:  
sleepresult: 108,  2017-07-03 12:02:46, 98.32, 58.3, 0., 0.,, sleepStage:  
sleepresult: 109,  2017-07-03 12:02:46, 99.37, 56.7, 0., 0.,, sleepStage:  
sleepresult: 110,  2017-07-03 12:02:46, 100.42, 57.1, 0., 0.,, sleepStage:  
sleepresult: 111,  2017-07-03 12:02:46, 101.44, 59.2, 0., 0.,, sleepStage:  
sleepresult: 112,  2017-07-03 12:02:46, 102.42, 60.9, 0., 0.,, sleepStage:  
sleepresult: 113,  2017-07-03 12:02:46, 103.41, 60.5, 0., 0.,, sleepStage:  
sleepresult: 114,  2017-07-03 12:02:46, 104.42, 59.8, 0., 0.,, sleepStage:  
sleepresult: 115,  2017-07-03 12:02:46, 105.41, 60.1, 0., 0.,, sleepStage:  
sleepresult: 116,  2017-07-03 12:02:46, 106.38, 61.9, 0., 0.,, sleepStage:  
sleepresult: 117,  2017-07-03 12:02:46, 107.31, 64.7, 0., 0.,, sleepStage:  
sleepresult: 118,  2017-07-03 12:02:46, 108.21, 66.6, 0., 0.,, sleepStage:  
sleepresult: 119,  2017-07-03 12:02:46, 109.11, 66.4, 0., 0.,, sleepStage:  
sleepresult: 120,  2017-07-03 12:02:46, 109.98, 68.9, 0., 0.,, sleepStage:  
sleepresult: 121,  2017-07-03 12:02:46, 110.83, 70.8, 0., 0.,, sleepStage:  
sleepresult: 122,  2017-07-03 12:02:46, 111.67, 71., 0., 0.,, sleepStage:  
sleepresult: 123,  2017-07-03 12:02:46, 112.52, 70.2, 0., 0.,, sleepStage:  
sleepresult: 124,  2017-07-03 12:02:46, 113.4, 68.6, 0., 0.,, sleepStage:  
sleepresult: 125,  2017-07-03 12:02:46, 114.32, 64.7, 0., 0.,, sleepStage:  
sleepresult: 126,  2017-07-03 12:02:46, 115.26, 64., 0., 0.,, sleepStage:  
sleepresult: 127,  2017-07-03 12:02:46, 116.22, 62.9, 0., 0.,, sleepStage:  
sleepresult: 128,  2017-07-03 12:02:46, 117.21, 60.2, 0., 0.,, sleepStage:  
sleepresult: 129,  2017-07-03 12:02:46, 118.2, 60.5, 0., 0.,, sleepStage:  
sleepresult: 130,  2017-07-03 12:02:46, 119.18, 61.3, 0., 0.,, sleepStage:  
sleepresult: 131,  2017-07-03 12:02:46, 120.2, 58.5, 0., 0.,0., sleepStage: 3 
sleepresult: 132,  2017-07-03 12:02:46, 121.24, 57.8, 0., 0.,, sleepStage:  
sleepresult: 133,  2017-07-03 12:02:46, 122.28, 57.8, 0., 0.,, sleepStage:  
sleepresult: 134,  2017-07-03 12:02:46, 123.28, 59.6, 0., 0.,, sleepStage:  
sleepresult: 135,  2017-07-03 12:02:46, 124.26, 61.1, 0., 0.,, sleepStage:  
sleepresult: 136,  2017-07-03 12:02:46, 125.24, 61.7, 0., 0.,, sleepStage:  
sleepresult: 137,  2017-07-03 12:02:46, 126.21, 61.9, 0., 0.,, sleepStage:  
sleepresult: 138,  2017-07-03 12:02:46, 127.16, 62.9, 0., 0.,, sleepStage:  
sleepresult: 139,  2017-07-03 12:02:46, 128.1, 63.3, 0., 0.,, sleepStage:  
sleepresult: 140,  2017-07-03 12:02:46, 129.02, 65.7, 0., 0.,, sleepStage:  
sleepresult: 141,  2017-07-03 12:02:46, 129.95, 64.4, 0., 0.,, sleepStage:  
sleepresult: 142,  2017-07-03 12:02:46, 130.9, 63.4, 0., 0.,, sleepStage:  
sleepresult: 143,  2017-07-03 12:02:46, 131.83, 64., 0., 0.,, sleepStage:  
sleepresult: 144,  2017-07-03 12:02:48, 132.76, 64.1, 0., 0.,, sleepStage:  
sleepresult: 145,  2017-07-03 12:02:48, 133.69, 64.8, 0., 0.,, sleepStage:  
sleepresult: 146,  2017-07-03 12:02:48, 134.6, 66.3, 0., 0.,, sleepStage:  
sleepresult: 147,  2017-07-03 12:02:48, 135.51, 65.8, 0., 0.,, sleepStage:  
sleepresult: 148,  2017-07-03 12:02:48, 136.43, 65.2, 0., 0.,, sleepStage:  
sleepresult: 149,  2017-07-03 12:02:48, 137.34, 66., 0., 0.,, sleepStage:  
sleepresult: 150,  2017-07-03 12:02:48, 138.24, 66.6, 0., 0.,, sleepStage:  
sleepresult: 151,  2017-07-03 12:02:48, 139.12, 67.9, 0., 0.,, sleepStage:  
sleepresult: 152,  2017-07-03 12:02:48, 140.02, 66.9, 0., 0.,, sleepStage:  
sleepresult: 153,  2017-07-03 12:02:48, 140.93, 65.4, 0., 0.,, sleepStage:  
sleepresult: 154,  2017-07-03 12:02:48, 141.88, 63.4, 0., 0.,, sleepStage:  
sleepresult: 155,  2017-07-03 12:02:48, 142.83, 63.2, 0., 0.,, sleepStage:  
sleepresult: 156,  2017-07-03 12:02:48, 143.76, 64., 0., 0.,, sleepStage:  
sleepresult: 157,  2017-07-03 12:02:48, 144.68, 65., 0., 0.,, sleepStage:  
sleepresult: 158,  2017-07-03 12:02:48, 145.62, 63.8, 0., 0.,, sleepStage:  
sleepresult: 159,  2017-07-03 12:02:48, 146.6, 61.6, 0., 0.,, sleepStage:  
sleepresult: 160,  2017-07-03 12:02:48, 147.58, 60.9, 0., 0.,, sleepStage:  
sleepresult: 161,  2017-07-03 12:02:48, 148.54, 62.6, 0., 0.,, sleepStage:  
sleepresult: 162,  2017-07-03 12:02:48, 149.46, 65.1, 0., 0.,, sleepStage:  
sleepresult: 163,  2017-07-03 12:02:48, 150.38, 65., 0., 0.,30., sleepStage: 3 
sleepresult: 164,  2017-07-03 12:02:48, 151.3, 65.4, 0., 0.,, sleepStage:  
sleepresult: 165,  2017-07-03 12:02:48, 152.21, 65.8, 0., 0.,, sleepStage:  
sleepresult: 166,  2017-07-03 12:02:48, 153.12, 66.2, 0., 0.,, sleepStage:  
sleepresult: 167,  2017-07-03 12:02:48, 154.01, 67.4, 0., 0.,, sleepStage:  
sleepresult: 168,  2017-07-03 12:02:48, 154.91, 66.4, 0., 0.,, sleepStage:  
sleepresult: 169,  2017-07-03 12:02:48, 155.81, 66.8, 0., 0.,, sleepStage:  
sleepresult: 170,  2017-07-03 12:02:48, 156.66, 69.9, 0., 0.,, sleepStage:  
sleepresult: 171,  2017-07-03 12:02:48, 157.52, 70., 0., 0.,, sleepStage:  
sleepresult: 172,  2017-07-03 12:02:48, 158.38, 70.4, 0., 0.,, sleepStage:  
sleepresult: 173,  2017-07-03 12:02:48, 159.24, 69.7, 0., 0.,, sleepStage:  
sleepresult: 174,  2017-07-03 12:02:48, 160.13, 67.2, 0., 0.,, sleepStage:  
sleepresult: 175,  2017-07-03 12:02:48, 161.06, 64.5, 0., 0.,, sleepStage:  
sleepresult: 176,  2017-07-03 12:02:48, 162., 63.4, 0., 0.,, sleepStage:  
sleepresult: 177,  2017-07-03 12:02:48, 162.95, 63.2, 0., 0.,, sleepStage:  
sleepresult: 178,  2017-07-03 12:02:48, 163.88, 64.5, 0., 0.,, sleepStage:  
sleepresult: 179,  2017-07-03 12:02:48, 164.84, 62.4, 0., 0.,, sleepStage:  
sleepresult: 180,  2017-07-03 12:02:48, 165.82, 61.5, 0., 0.,, sleepStage:  
sleepresult: 181,  2017-07-03 12:02:48, 166.81, 60.6, 0., 0.,, sleepStage:  
sleepresult: 182,  2017-07-03 12:02:48, 167.76, 62.6, 0., 0.,, sleepStage:  
sleepresult: 183,  2017-07-03 12:02:48, 168.69, 64.7, 0., 0.,, sleepStage:  
sleepresult: 184,  2017-07-03 12:02:48, 169.62, 64.8, 0., 0.,, sleepStage:  
sleepresult: 185,  2017-07-03 12:02:48, 170.54, 64.9, 0., 0.,, sleepStage:  
sleepresult: 186,  2017-07-03 12:02:48, 171.47, 64.5, 0., 0.,, sleepStage:  
sleepresult: 187,  2017-07-03 12:02:48, 172.39, 64.9, 0., 0.,, sleepStage:  
sleepresult: 188,  2017-07-03 12:02:48, 173.3, 66.3, 0., 0.,, sleepStage:  
sleepresult: 189,  2017-07-03 12:02:48, 174.2, 66.4, 0., 0.,, sleepStage:  
sleepresult: 190,  2017-07-03 12:02:48, 175.14, 63.8, 0., 0.,, sleepStage:  
sleepresult: 191,  2017-07-03 12:02:48, 176.09, 62.9, 0., 0.,, sleepStage:  
sleepresult: 192,  2017-07-03 12:02:48, 177.04, 62.9, 0., 0.,, sleepStage:  
sleepresult: 193,  2017-07-03 12:02:48, 177.98, 64.3, 0., 0.,, sleepStage:  
sleepresult: 194,  2017-07-03 12:02:48, 178.88, 65.9, 0., 0.,, sleepStage:  
sleepresult: 195,  2017-07-03 12:02:48, 179.78, 67.4, 0., 0.,, sleepStage:  
sleepresult: 196,  2017-07-03 12:02:48, 180.63, 69.9, 0., 0.,60., sleepStage: 3 
sleepresult: 197,  2017-07-03 12:02:48, 181.46, 72.5, 0., 0.,, sleepStage:  
sleepresult: 198,  2017-07-03 12:02:48, 182.27, 74., 0., 0.,, sleepStage:  
sleepresult: 199,  2017-07-03 12:02:48, 183.08, 73.6, 0., 0.,, sleepStage:  
sleepresult: 200,  2017-07-03 12:02:48, 183.93, 71., 0., 0.,, sleepStage:  
sleepresult: 201,  2017-07-03 12:02:48, 184.83, 66.4, 0., 0.,, sleepStage:  
sleepresult: 202,  2017-07-03 12:02:48, 185.81, 61.2, 0., 0.,, sleepStage:  
sleepresult: 203,  2017-07-03 12:02:48, 186.84, 58., 0., 0.,, sleepStage:  
sleepresult: 204,  2017-07-03 12:02:48, 187.86, 58.8, 0., 0.,, sleepStage:  
sleepresult: 205,  2017-07-03 12:02:48, 188.86, 59.9, 0., 0.,, sleepStage:  
sleepresult: 206,  2017-07-03 12:02:48, 189.88, 59., 0., 0.,, sleepStage:  
sleepresult: 207,  2017-07-03 12:02:50, 190.87, 60.8, 0., 0.,, sleepStage:  
sleepresult: 208,  2017-07-03 12:02:50, 191.86, 60.4, 0., 0.,, sleepStage:  
sleepresult: 209,  2017-07-03 12:02:50, 192.81, 63.2, 0., 0.,, sleepStage:  
sleepresult: 210,  2017-07-03 12:02:50, 193.72, 66.1, 0., 0.,, sleepStage:  
sleepresult: 211,  2017-07-03 12:02:50, 194.64, 65.1, 0., 0.,, sleepStage:  
sleepresult: 212,  2017-07-03 12:02:50, 195.54, 66.1, 0., 0.,, sleepStage:  
sleepresult: 213,  2017-07-03 12:02:50, 196.45, 65.8, 0., 0.,, sleepStage:  
sleepresult: 214,  2017-07-03 12:02:50, 197.37, 65.3, 0., 0.,, sleepStage:  
sleepresult: 215,  2017-07-03 12:02:50, 198.29, 65.3, 0., 0.,, sleepStage:  
sleepresult: 216,  2017-07-03 12:02:50, 199.22, 64.7, 0., 0.,, sleepStage:  
sleepresult: 217,  2017-07-03 12:02:50, 200.16, 63.3, 0., 0.,, sleepStage:  
sleepresult: 218,  2017-07-03 12:02:50, 201.12, 62.7, 0., 0.,, sleepStage:  
sleepresult: 219,  2017-07-03 12:02:50, 202.07, 63.1, 0., 0.,, sleepStage:  
sleepresult: 220,  2017-07-03 12:02:50, 202.99, 65.2, 0., 0.,, sleepStage:  
sleepresult: 221,  2017-07-03 12:02:50, 203.9, 66.1, 0., 0.,, sleepStage:  
sleepresult: 222,  2017-07-03 12:02:50, 204.84, 63.9, 0., 0.,, sleepStage:  
sleepresult: 223,  2017-07-03 12:02:50, 205.78, 63.2, 0., 0.,, sleepStage:  
sleepresult: 224,  2017-07-03 12:02:50, 206.72, 64.1, 0., 0.,, sleepStage:  
sleepresult: 225,  2017-07-03 12:02:50, 207.63, 65.8, 0., 0.,, sleepStage:  
sleepresult: 226,  2017-07-03 12:02:50, 208.55, 65.1, 0., 0.,, sleepStage:  
sleepresult: 227,  2017-07-03 12:02:50, 209.44, 67.6, 0., 0.,, sleepStage:  
sleepresult: 228,  2017-07-03 12:02:50, 210.32, 67.6, 0., 0.,90., sleepStage: 3 
sleepresult: 229,  2017-07-03 12:02:50, 211.2, 68.3, 0., 0.,, sleepStage:  
sleepresult: 230,  2017-07-03 12:02:50, 212.09, 67.6, 0., 0.,, sleepStage:  
sleepresult: 231,  2017-07-03 12:02:50, 213.02, 64.3, 0., 0.,, sleepStage:  
sleepresult: 232,  2017-07-03 12:02:50, 214., 61.3, 0., 0.,, sleepStage:  
sleepresult: 233,  2017-07-03 12:02:50, 215., 60., 0., 0.,, sleepStage:  
sleepresult: 234,  2017-07-03 12:02:50, 215.99, 60.7, 0., 0.,, sleepStage:  
sleepresult: 235,  2017-07-03 12:02:50, 216.95, 62., 0., 0.,, sleepStage:  
sleepresult: 236,  2017-07-03 12:02:50, 217.94, 60.6, 0., 0.,, sleepStage:  
sleepresult: 237,  2017-07-03 12:02:50, 218.93, 60.5, 0., 0.,, sleepStage:  
sleepresult: 238,  2017-07-03 12:02:50, 219.92, 60.7, 0., 0.,, sleepStage:  
sleepresult: 239,  2017-07-03 12:02:50, 220.89, 61.9, 0., 0.,, sleepStage:  
sleepresult: 240,  2017-07-03 12:02:50, 221.82, 64.6, 0., 0.,, sleepStage:  
sleepresult: 241,  2017-07-03 12:02:50, 222.74, 65.4, 0., 0.,, sleepStage:  
sleepresult: 242,  2017-07-03 12:02:50, 223.66, 64.7, 0., 0.,, sleepStage:  
sleepresult: 243,  2017-07-03 12:02:50, 224.6, 64.3, 0., 0.,, sleepStage:  
sleepresult: 244,  2017-07-03 12:02:50, 225.53, 64.3, 0., 0.,, sleepStage:  
sleepresult: 245,  2017-07-03 12:02:50, 226.44, 65.6, 0., 0.,, sleepStage:  
sleepresult: 246,  2017-07-03 12:02:50, 227.35, 66.2, 0., 0.,, sleepStage:  
sleepresult: 247,  2017-07-03 12:02:50, 228.26, 65.5, 0., 0.,, sleepStage:  
sleepresult: 248,  2017-07-03 12:02:50, 229.18, 65.5, 0., 0.,, sleepStage:  
sleepresult: 249,  2017-07-03 12:02:50, 230.09, 65.5, 0., 0.,, sleepStage:  
sleepresult: 250,  2017-07-03 12:02:50, 230.96, 69.2, 0., 0.,, sleepStage:  
sleepresult: 251,  2017-07-03 12:02:50, 231.79, 72.2, 0., 0.,, sleepStage:  
sleepresult: 252,  2017-07-03 12:02:50, 232.62, 72.7, 0., 0.,, sleepStage:  
sleepresult: 253,  2017-07-03 12:02:50, 233.44, 72.2, 0., 0.,, sleepStage:  
sleepresult: 254,  2017-07-03 12:02:50, 234.3, 70.5, 0., 0.,, sleepStage:  
sleepresult: 255,  2017-07-03 12:02:50, 235.18, 67.9, 0., 0.,, sleepStage:  
sleepresult: 256,  2017-07-03 12:02:50, 236.09, 66.1, 0., 0.,, sleepStage:  
sleepresult: 257,  2017-07-03 12:02:50, 237., 65.7, 0., 0.,, sleepStage:  
sleepresult: 258,  2017-07-03 12:02:50, 237.91, 66., 0., 0.,, sleepStage:  
sleepresult: 259,  2017-07-03 12:02:50, 238.84, 64., 0., 0.,, sleepStage:  
sleepresult: 260,  2017-07-03 12:02:50, 239.8, 63.1, 0., 0.,, sleepStage:  
sleepresult: 261,  2017-07-03 12:02:50, 240.74, 63.1, 0., 0.,120., sleepStage: 3 
sleepresult: 262,  2017-07-03 12:02:50, 241.66, 65.2, 0., 0.,, sleepStage:  
sleepresult: 263,  2017-07-03 12:02:50, 242.58, 65., 0., 0.,, sleepStage:  
sleepresult: 264,  2017-07-03 12:02:50, 243.52, 64., 0., 0.,, sleepStage:  
sleepresult: 265,  2017-07-03 12:02:50, 244.46, 64., 0., 0.,, sleepStage:  
sleepresult: 266,  2017-07-03 12:02:50, 245.39, 64.7, 0., 0.,, sleepStage:  
sleepresult: 267,  2017-07-03 12:02:50, 246.29, 66.4, 0., 0.,, sleepStage:  
sleepresult: 268,  2017-07-03 12:02:50, 247.18, 67.7, 0., 0.,, sleepStage:  
sleepresult: 269,  2017-07-03 12:02:50, 248.07, 66.8, 0., 0.,, sleepStage:  
sleepresult: 270,  2017-07-03 12:02:50, 248.99, 65.4, 0., 0.,, sleepStage:  
sleepresult: 271,  2017-07-03 12:02:52, 249.92, 64.4, 0., 0.,, sleepStage:  
sleepresult: 272,  2017-07-03 12:02:52, 250.82, 66.6, 0., 0.,, sleepStage:  
sleepresult: 273,  2017-07-03 12:02:52, 251.72, 66.5, 0., 0.,, sleepStage:  
sleepresult: 274,  2017-07-03 12:02:52, 252.64, 65.8, 0., 0.,, sleepStage:  
sleepresult: 275,  2017-07-03 12:02:52, 253.56, 64.9, 0., 0.,, sleepStage:  
sleepresult: 276,  2017-07-03 12:02:52, 254.5, 64., 0., 0.,, sleepStage:  
sleepresult: 277,  2017-07-03 12:02:52, 255.39, 67., 0., 0.,, sleepStage:  
sleepresult: 278,  2017-07-03 12:02:52, 256.26, 68.6, 0., 0.,, sleepStage:  
sleepresult: 279,  2017-07-03 12:02:52, 257.16, 67.1, 0., 0.,, sleepStage:  
sleepresult: 280,  2017-07-03 12:02:52, 258.08, 64.9, 0., 0.,, sleepStage:  
sleepresult: 281,  2017-07-03 12:02:52, 259.04, 62.4, 0., 0.,, sleepStage:  
sleepresult: 282,  2017-07-03 12:02:52, 260.03, 60.8, 0., 0.,, sleepStage:  
sleepresult: 283,  2017-07-03 12:02:52, 260.99, 62.4, 0., 0.,, sleepStage:  
sleepresult: 284,  2017-07-03 12:02:52, 261.95, 62.3, 0., 0.,, sleepStage:  
sleepresult: 285,  2017-07-03 12:02:52, 262.94, 60.8, 0., 0.,, sleepStage:  
sleepresult: 286,  2017-07-03 12:02:52, 263.96, 59., 0., 0.,, sleepStage:  
sleepresult: 287,  2017-07-03 12:02:52, 264.95, 60.3, 0., 0.,, sleepStage:  
sleepresult: 288,  2017-07-03 12:02:52, 265.89, 63.6, 0., 0.,, sleepStage:  
